{
	"$schema": "https://ui.shadcn.com/schema/registry-item.json",
	"name": "Carousel-JS-TW",
	"title": "Carousel",
	"description": "Responsive carousel with touch gestures, looping and transitions.",
	"type": "registry:component",
	"files": [
		{
			"type": "registry:component",
			"path": "Carousel/Carousel.jsx",
			"content": "import { useEffect, useMemo, useRef, useState } from 'react';\nimport { motion, useMotionValue, useTransform } from 'motion/react';\n// replace icons with your own if needed\nimport { FiCircle, FiCode, FiFileText, FiLayers, FiLayout } from 'react-icons/fi';\n\nconst DEFAULT_ITEMS = [\n  {\n    title: 'Text Animations',\n    description: 'Cool text animations for your projects.',\n    id: 1,\n    icon: <FiFileText className=\"h-[16px] w-[16px] text-white\" />\n  },\n  {\n    title: 'Animations',\n    description: 'Smooth animations for your projects.',\n    id: 2,\n    icon: <FiCircle className=\"h-[16px] w-[16px] text-white\" />\n  },\n  {\n    title: 'Components',\n    description: 'Reusable components for your projects.',\n    id: 3,\n    icon: <FiLayers className=\"h-[16px] w-[16px] text-white\" />\n  },\n  {\n    title: 'Backgrounds',\n    description: 'Beautiful backgrounds and patterns for your projects.',\n    id: 4,\n    icon: <FiLayout className=\"h-[16px] w-[16px] text-white\" />\n  },\n  {\n    title: 'Common UI',\n    description: 'Common UI components are coming soon!',\n    id: 5,\n    icon: <FiCode className=\"h-[16px] w-[16px] text-white\" />\n  }\n];\n\nconst DRAG_BUFFER = 0;\nconst VELOCITY_THRESHOLD = 500;\nconst GAP = 16;\nconst SPRING_OPTIONS = { type: 'spring', stiffness: 300, damping: 30 };\n\nfunction CarouselItem({ item, index, itemWidth, round, trackItemOffset, x, transition }) {\n  const range = [-(index + 1) * trackItemOffset, -index * trackItemOffset, -(index - 1) * trackItemOffset];\n  const outputRange = [90, 0, -90];\n  const rotateY = useTransform(x, range, outputRange, { clamp: false });\n\n  return (\n    <motion.div\n      key={`${item?.id ?? index}-${index}`}\n      className={`relative shrink-0 flex flex-col ${\n        round\n          ? 'items-center justify-center text-center bg-[#060010] border-0'\n          : 'items-start justify-between bg-[#222] border border-[#222] rounded-[12px]'\n      } overflow-hidden cursor-grab active:cursor-grabbing`}\n      style={{\n        width: itemWidth,\n        height: round ? itemWidth : '100%',\n        rotateY: rotateY,\n        ...(round && { borderRadius: '50%' })\n      }}\n      transition={transition}\n    >\n      <div className={`${round ? 'p-0 m-0' : 'mb-4 p-5'}`}>\n        <span className=\"flex h-[28px] w-[28px] items-center justify-center rounded-full bg-[#060010]\">\n          {item.icon}\n        </span>\n      </div>\n      <div className=\"p-5\">\n        <div className=\"mb-1 font-black text-lg text-white\">{item.title}</div>\n        <p className=\"text-sm text-white\">{item.description}</p>\n      </div>\n    </motion.div>\n  );\n}\n\nexport default function Carousel({\n  items = DEFAULT_ITEMS,\n  baseWidth = 300,\n  autoplay = false,\n  autoplayDelay = 3000,\n  pauseOnHover = false,\n  loop = false,\n  round = false\n}) {\n  const containerPadding = 16;\n  const itemWidth = baseWidth - containerPadding * 2;\n  const trackItemOffset = itemWidth + GAP;\n  const itemsForRender = useMemo(() => {\n    if (!loop) return items;\n    if (items.length === 0) return [];\n    return [items[items.length - 1], ...items, items[0]];\n  }, [items, loop]);\n\n  const [position, setPosition] = useState(loop ? 1 : 0);\n  const x = useMotionValue(0);\n  const [isHovered, setIsHovered] = useState(false);\n  const [isJumping, setIsJumping] = useState(false);\n  const [isAnimating, setIsAnimating] = useState(false);\n\n  const containerRef = useRef(null);\n  useEffect(() => {\n    if (pauseOnHover && containerRef.current) {\n      const container = containerRef.current;\n      const handleMouseEnter = () => setIsHovered(true);\n      const handleMouseLeave = () => setIsHovered(false);\n      container.addEventListener('mouseenter', handleMouseEnter);\n      container.addEventListener('mouseleave', handleMouseLeave);\n      return () => {\n        container.removeEventListener('mouseenter', handleMouseEnter);\n        container.removeEventListener('mouseleave', handleMouseLeave);\n      };\n    }\n  }, [pauseOnHover]);\n\n  useEffect(() => {\n    if (!autoplay || itemsForRender.length <= 1) return undefined;\n    if (pauseOnHover && isHovered) return undefined;\n\n    const timer = setInterval(() => {\n      setPosition(prev => Math.min(prev + 1, itemsForRender.length - 1));\n    }, autoplayDelay);\n\n    return () => clearInterval(timer);\n  }, [autoplay, autoplayDelay, isHovered, pauseOnHover, itemsForRender.length]);\n\n  useEffect(() => {\n    const startingPosition = loop ? 1 : 0;\n    setPosition(startingPosition);\n    x.set(-startingPosition * trackItemOffset);\n  }, [items.length, loop, trackItemOffset, x]);\n\n  useEffect(() => {\n    if (!loop && position > itemsForRender.length - 1) {\n      setPosition(Math.max(0, itemsForRender.length - 1));\n    }\n  }, [itemsForRender.length, loop, position]);\n\n  const effectiveTransition = isJumping ? { duration: 0 } : SPRING_OPTIONS;\n\n  const handleAnimationStart = () => {\n    setIsAnimating(true);\n  };\n\n  const handleAnimationComplete = () => {\n    if (!loop || itemsForRender.length <= 1) {\n      setIsAnimating(false);\n      return;\n    }\n    const lastCloneIndex = itemsForRender.length - 1;\n\n    if (position === lastCloneIndex) {\n      setIsJumping(true);\n      const target = 1;\n      setPosition(target);\n      x.set(-target * trackItemOffset);\n      requestAnimationFrame(() => {\n        setIsJumping(false);\n        setIsAnimating(false);\n      });\n      return;\n    }\n\n    if (position === 0) {\n      setIsJumping(true);\n      const target = items.length;\n      setPosition(target);\n      x.set(-target * trackItemOffset);\n      requestAnimationFrame(() => {\n        setIsJumping(false);\n        setIsAnimating(false);\n      });\n      return;\n    }\n\n    setIsAnimating(false);\n  };\n\n  const handleDragEnd = (_, info) => {\n    const { offset, velocity } = info;\n    const direction =\n      offset.x < -DRAG_BUFFER || velocity.x < -VELOCITY_THRESHOLD\n        ? 1\n        : offset.x > DRAG_BUFFER || velocity.x > VELOCITY_THRESHOLD\n          ? -1\n          : 0;\n\n    if (direction === 0) return;\n\n    setPosition(prev => {\n      const next = prev + direction;\n      const max = itemsForRender.length - 1;\n      return Math.max(0, Math.min(next, max));\n    });\n  };\n\n  const dragProps = loop\n    ? {}\n    : {\n        dragConstraints: {\n          left: -trackItemOffset * Math.max(itemsForRender.length - 1, 0),\n          right: 0\n        }\n      };\n\n  const activeIndex =\n    items.length === 0 ? 0 : loop ? (position - 1 + items.length) % items.length : Math.min(position, items.length - 1);\n\n  return (\n    <div\n      ref={containerRef}\n      className={`relative overflow-hidden p-4 ${\n        round ? 'rounded-full border border-white' : 'rounded-[24px] border border-[#222]'\n      }`}\n      style={{\n        width: `${baseWidth}px`,\n        ...(round && { height: `${baseWidth}px` })\n      }}\n    >\n      <motion.div\n        className=\"flex\"\n        drag={isAnimating ? false : 'x'}\n        {...dragProps}\n        style={{\n          width: itemWidth,\n          gap: `${GAP}px`,\n          perspective: 1000,\n          perspectiveOrigin: `${position * trackItemOffset + itemWidth / 2}px 50%`,\n          x\n        }}\n        onDragEnd={handleDragEnd}\n        animate={{ x: -(position * trackItemOffset) }}\n        transition={effectiveTransition}\n        onAnimationStart={handleAnimationStart}\n        onAnimationComplete={handleAnimationComplete}\n      >\n        {itemsForRender.map((item, index) => (\n          <CarouselItem\n            key={`${item?.id ?? index}-${index}`}\n            item={item}\n            index={index}\n            itemWidth={itemWidth}\n            round={round}\n            trackItemOffset={trackItemOffset}\n            x={x}\n            transition={effectiveTransition}\n          />\n        ))}\n      </motion.div>\n      <div className={`flex w-full justify-center ${round ? 'absolute z-20 bottom-12 left-1/2 -translate-x-1/2' : ''}`}>\n        <div className=\"mt-4 flex w-[150px] justify-between px-8\">\n          {items.map((_, index) => (\n            <motion.div\n              key={index}\n              className={`h-2 w-2 rounded-full cursor-pointer transition-colors duration-150 ${\n                activeIndex === index\n                  ? round\n                    ? 'bg-white'\n                    : 'bg-[#333333]'\n                  : round\n                    ? 'bg-[#555]'\n                    : 'bg-[rgba(51,51,51,0.4)]'\n              }`}\n              animate={{\n                scale: activeIndex === index ? 1.2 : 1\n              }}\n              onClick={() => setPosition(loop ? index + 1 : index)}\n              transition={{ duration: 0.15 }}\n            />\n          ))}\n        </div>\n      </div>\n    </div>\n  );\n}\n"
		}
	],
	"registryDependencies": [],
	"dependencies": [
		"motion@^12.23.12",
		"react-icons@^5.5.0"
	]
}