{
	"$schema": "https://ui.shadcn.com/schema/registry-item.json",
	"name": "Counter-TS-TW",
	"title": "Counter",
	"description": "Flexible animated counter supporting increments + easing.",
	"type": "registry:component",
	"files": [
		{
			"type": "registry:component",
			"path": "Counter/Counter.tsx",
			"content": "import { MotionValue, motion, useSpring, useTransform } from 'motion/react';\nimport type React from 'react';\nimport { useEffect } from 'react';\n\ntype PlaceValue = number | '.';\n\ninterface NumberProps {\n  mv: MotionValue<number>;\n  number: number;\n  height: number;\n}\n\nfunction Number({ mv, number, height }: NumberProps) {\n  const y = useTransform(mv, latest => {\n    const placeValue = latest % 10;\n    const offset = (10 + number - placeValue) % 10;\n    let memo = offset * height;\n    if (offset > 5) {\n      memo -= 10 * height;\n    }\n    return memo;\n  });\n\n  const baseStyle: React.CSSProperties = {\n    position: 'absolute',\n    inset: 0,\n    display: 'flex',\n    alignItems: 'center',\n    justifyContent: 'center'\n  };\n\n  return <motion.span style={{ ...baseStyle, y }}>{number}</motion.span>;\n}\n\nfunction normalizeNearInteger(num: number): number {\n  const nearest = Math.round(num);\n  const tolerance = 1e-9 * Math.max(1, Math.abs(num));\n  return Math.abs(num - nearest) < tolerance ? nearest : num;\n}\n\nfunction getValueRoundedToPlace(value: number, place: number): number {\n  const scaled = value / place;\n  return Math.floor(normalizeNearInteger(scaled));\n}\n\ninterface DigitProps {\n  place: PlaceValue;\n  value: number;\n  height: number;\n  digitStyle?: React.CSSProperties;\n}\n\nfunction Digit({ place, value, height, digitStyle }: DigitProps) {\n  // Decimal point digit\n  if (place === '.') {\n    return (\n      <span\n        className=\"relative inline-flex items-center justify-center\"\n        style={{ height, width: 'fit-content', ...digitStyle }}\n      >\n        .\n      </span>\n    );\n  }\n\n  // Numeric digit\n  const valueRoundedToPlace = getValueRoundedToPlace(value, place);\n  const animatedValue = useSpring(valueRoundedToPlace);\n\n  useEffect(() => {\n    animatedValue.set(valueRoundedToPlace);\n  }, [animatedValue, valueRoundedToPlace]);\n\n  const defaultStyle: React.CSSProperties = {\n    height,\n    position: 'relative',\n    width: '1ch',\n    fontVariantNumeric: 'tabular-nums'\n  };\n\n  return (\n    <span className=\"relative inline-flex overflow-hidden\" style={{ ...defaultStyle, ...digitStyle }}>\n      {Array.from({ length: 10 }, (_, i) => (\n        <Number key={i} mv={animatedValue} number={i} height={height} />\n      ))}\n    </span>\n  );\n}\n\ninterface CounterProps {\n  value: number;\n  fontSize?: number;\n  padding?: number;\n  /**\n   * An array of place values that determines which digit positions\n   * should be displayed. For decimal places, use \".\" to represent\n   * the decimal point. Leave this prop empty to enable automatic\n   * detection based on the current value.\n   */\n  places?: PlaceValue[];\n  gap?: number;\n  borderRadius?: number;\n  horizontalPadding?: number;\n  textColor?: string;\n  fontWeight?: React.CSSProperties['fontWeight'];\n  containerStyle?: React.CSSProperties;\n  counterStyle?: React.CSSProperties;\n  digitStyle?: React.CSSProperties;\n  gradientHeight?: number;\n  gradientFrom?: string;\n  gradientTo?: string;\n  topGradientStyle?: React.CSSProperties;\n  bottomGradientStyle?: React.CSSProperties;\n}\n\nexport default function Counter({\n  value,\n  fontSize = 100,\n  padding = 0,\n  places = [...value.toString()].map((ch, i, a) => {\n    if (ch === '.') {\n      return '.';\n    }\n\n    const dotIndex = a.indexOf('.');\n    const isInteger = dotIndex === -1;\n\n    const exponent = isInteger ? a.length - i - 1 : i < dotIndex ? dotIndex - i - 1 : -(i - dotIndex);\n\n    return 10 ** exponent;\n  }),\n  gap = 8,\n  borderRadius = 4,\n  horizontalPadding = 8,\n  textColor = 'inherit',\n  fontWeight = 'inherit',\n  containerStyle,\n  counterStyle,\n  digitStyle,\n  gradientHeight = 16,\n  gradientFrom = 'black',\n  gradientTo = 'transparent',\n  topGradientStyle,\n  bottomGradientStyle\n}: CounterProps) {\n  const height = fontSize + padding;\n\n  const defaultContainerStyle: React.CSSProperties = {\n    position: 'relative',\n    display: 'inline-block'\n  };\n\n  const defaultCounterStyle: React.CSSProperties = {\n    fontSize,\n    display: 'flex',\n    gap,\n    overflow: 'hidden',\n    borderRadius,\n    paddingLeft: horizontalPadding,\n    paddingRight: horizontalPadding,\n    lineHeight: 1,\n    color: textColor,\n    fontWeight\n  };\n\n  const gradientContainerStyle: React.CSSProperties = {\n    pointerEvents: 'none',\n    position: 'absolute',\n    inset: 0,\n    display: 'flex',\n    flexDirection: 'column',\n    justifyContent: 'space-between'\n  };\n\n  const defaultTopGradientStyle: React.CSSProperties = {\n    height: gradientHeight,\n    background: `linear-gradient(to bottom, ${gradientFrom}, ${gradientTo})`\n  };\n\n  const defaultBottomGradientStyle: React.CSSProperties = {\n    height: gradientHeight,\n    background: `linear-gradient(to top, ${gradientFrom}, ${gradientTo})`\n  };\n\n  return (\n    <span style={{ ...defaultContainerStyle, ...containerStyle }}>\n      <span style={{ ...defaultCounterStyle, ...counterStyle }}>\n        {places.map(place => (\n          <Digit key={place} place={place} value={value} height={height} digitStyle={digitStyle} />\n        ))}\n      </span>\n      <span style={gradientContainerStyle}>\n        <span style={topGradientStyle ?? defaultTopGradientStyle} />\n        <span style={bottomGradientStyle ?? defaultBottomGradientStyle} />\n      </span>\n    </span>\n  );\n}\n"
		}
	],
	"registryDependencies": [],
	"dependencies": [
		"motion@^12.23.12"
	]
}