{
	"$schema": "https://ui.shadcn.com/schema/registry-item.json",
	"name": "GlassSurface-TS-TW",
	"title": "GlassSurface",
	"description": "Advanced Apple-style glass surface with real-time distortion + lighting.",
	"type": "registry:component",
	"files": [
		{
			"type": "registry:component",
			"path": "GlassSurface/GlassSurface.tsx",
			"content": "import React, { useEffect, useRef, useState, useId } from 'react';\n\nexport interface GlassSurfaceProps {\n  children?: React.ReactNode;\n  width?: number | string;\n  height?: number | string;\n  borderRadius?: number;\n  borderWidth?: number;\n  brightness?: number;\n  opacity?: number;\n  blur?: number;\n  displace?: number;\n  backgroundOpacity?: number;\n  saturation?: number;\n  distortionScale?: number;\n  redOffset?: number;\n  greenOffset?: number;\n  blueOffset?: number;\n  xChannel?: 'R' | 'G' | 'B';\n  yChannel?: 'R' | 'G' | 'B';\n  mixBlendMode?:\n    | 'normal'\n    | 'multiply'\n    | 'screen'\n    | 'overlay'\n    | 'darken'\n    | 'lighten'\n    | 'color-dodge'\n    | 'color-burn'\n    | 'hard-light'\n    | 'soft-light'\n    | 'difference'\n    | 'exclusion'\n    | 'hue'\n    | 'saturation'\n    | 'color'\n    | 'luminosity'\n    | 'plus-darker'\n    | 'plus-lighter';\n  className?: string;\n  style?: React.CSSProperties;\n}\n\nconst useDarkMode = () => {\n  const [isDark, setIsDark] = useState(false);\n\n  useEffect(() => {\n    if (typeof window === 'undefined') return;\n\n    const mediaQuery = window.matchMedia('(prefers-color-scheme: dark)');\n    setIsDark(mediaQuery.matches);\n\n    const handler = (e: MediaQueryListEvent) => setIsDark(e.matches);\n    mediaQuery.addEventListener('change', handler);\n    return () => mediaQuery.removeEventListener('change', handler);\n  }, []);\n\n  return isDark;\n};\n\nconst GlassSurface: React.FC<GlassSurfaceProps> = ({\n  children,\n  width = 200,\n  height = 80,\n  borderRadius = 20,\n  borderWidth = 0.07,\n  brightness = 50,\n  opacity = 0.93,\n  blur = 11,\n  displace = 0,\n  backgroundOpacity = 0,\n  saturation = 1,\n  distortionScale = -180,\n  redOffset = 0,\n  greenOffset = 10,\n  blueOffset = 20,\n  xChannel = 'R',\n  yChannel = 'G',\n  mixBlendMode = 'difference',\n  className = '',\n  style = {}\n}) => {\n  const uniqueId = useId().replace(/:/g, '-');\n  const filterId = `glass-filter-${uniqueId}`;\n  const redGradId = `red-grad-${uniqueId}`;\n  const blueGradId = `blue-grad-${uniqueId}`;\n\n  const [svgSupported, setSvgSupported] = useState<boolean>(false);\n\n  const containerRef = useRef<HTMLDivElement>(null);\n  const feImageRef = useRef<SVGFEImageElement>(null);\n  const redChannelRef = useRef<SVGFEDisplacementMapElement>(null);\n  const greenChannelRef = useRef<SVGFEDisplacementMapElement>(null);\n  const blueChannelRef = useRef<SVGFEDisplacementMapElement>(null);\n  const gaussianBlurRef = useRef<SVGFEGaussianBlurElement>(null);\n\n  const isDarkMode = useDarkMode();\n\n  const generateDisplacementMap = () => {\n    const rect = containerRef.current?.getBoundingClientRect();\n    const actualWidth = rect?.width || 400;\n    const actualHeight = rect?.height || 200;\n    const edgeSize = Math.min(actualWidth, actualHeight) * (borderWidth * 0.5);\n\n    const svgContent = `\n      <svg viewBox=\"0 0 ${actualWidth} ${actualHeight}\" xmlns=\"http://www.w3.org/2000/svg\">\n        <defs>\n          <linearGradient id=\"${redGradId}\" x1=\"100%\" y1=\"0%\" x2=\"0%\" y2=\"0%\">\n            <stop offset=\"0%\" stop-color=\"#0000\"/>\n            <stop offset=\"100%\" stop-color=\"red\"/>\n          </linearGradient>\n          <linearGradient id=\"${blueGradId}\" x1=\"0%\" y1=\"0%\" x2=\"0%\" y2=\"100%\">\n            <stop offset=\"0%\" stop-color=\"#0000\"/>\n            <stop offset=\"100%\" stop-color=\"blue\"/>\n          </linearGradient>\n        </defs>\n        <rect x=\"0\" y=\"0\" width=\"${actualWidth}\" height=\"${actualHeight}\" fill=\"black\"></rect>\n        <rect x=\"0\" y=\"0\" width=\"${actualWidth}\" height=\"${actualHeight}\" rx=\"${borderRadius}\" fill=\"url(#${redGradId})\" />\n        <rect x=\"0\" y=\"0\" width=\"${actualWidth}\" height=\"${actualHeight}\" rx=\"${borderRadius}\" fill=\"url(#${blueGradId})\" style=\"mix-blend-mode: ${mixBlendMode}\" />\n        <rect x=\"${edgeSize}\" y=\"${edgeSize}\" width=\"${actualWidth - edgeSize * 2}\" height=\"${actualHeight - edgeSize * 2}\" rx=\"${borderRadius}\" fill=\"hsl(0 0% ${brightness}% / ${opacity})\" style=\"filter:blur(${blur}px)\" />\n      </svg>\n    `;\n\n    return `data:image/svg+xml,${encodeURIComponent(svgContent)}`;\n  };\n\n  const updateDisplacementMap = () => {\n    feImageRef.current?.setAttribute('href', generateDisplacementMap());\n  };\n\n  useEffect(() => {\n    updateDisplacementMap();\n    [\n      { ref: redChannelRef, offset: redOffset },\n      { ref: greenChannelRef, offset: greenOffset },\n      { ref: blueChannelRef, offset: blueOffset }\n    ].forEach(({ ref, offset }) => {\n      if (ref.current) {\n        ref.current.setAttribute('scale', (distortionScale + offset).toString());\n        ref.current.setAttribute('xChannelSelector', xChannel);\n        ref.current.setAttribute('yChannelSelector', yChannel);\n      }\n    });\n\n    gaussianBlurRef.current?.setAttribute('stdDeviation', displace.toString());\n  }, [\n    width,\n    height,\n    borderRadius,\n    borderWidth,\n    brightness,\n    opacity,\n    blur,\n    displace,\n    distortionScale,\n    redOffset,\n    greenOffset,\n    blueOffset,\n    xChannel,\n    yChannel,\n    mixBlendMode\n  ]);\n\n  useEffect(() => {\n    setSvgSupported(supportsSVGFilters());\n  }, []);\n\n  useEffect(() => {\n    if (!containerRef.current) return;\n\n    const resizeObserver = new ResizeObserver(() => {\n      setTimeout(updateDisplacementMap, 0);\n    });\n\n    resizeObserver.observe(containerRef.current);\n\n    return () => {\n      resizeObserver.disconnect();\n    };\n  }, []);\n\n  useEffect(() => {\n    if (!containerRef.current) return;\n\n    const resizeObserver = new ResizeObserver(() => {\n      setTimeout(updateDisplacementMap, 0);\n    });\n\n    resizeObserver.observe(containerRef.current);\n\n    return () => {\n      resizeObserver.disconnect();\n    };\n  }, []);\n\n  useEffect(() => {\n    setTimeout(updateDisplacementMap, 0);\n  }, [width, height]);\n\n  const supportsSVGFilters = () => {\n    if (typeof window === 'undefined' || typeof document === 'undefined') {\n      return false;\n    }\n\n    const isWebkit = /Safari/.test(navigator.userAgent) && !/Chrome/.test(navigator.userAgent);\n    const isFirefox = /Firefox/.test(navigator.userAgent);\n\n    if (isWebkit || isFirefox) {\n      return false;\n    }\n\n    const div = document.createElement('div');\n    div.style.backdropFilter = `url(#${filterId})`;\n\n    return div.style.backdropFilter !== '';\n  };\n\n  const supportsBackdropFilter = () => {\n    if (typeof window === 'undefined') return false;\n    return CSS.supports('backdrop-filter', 'blur(10px)');\n  };\n\n  const getContainerStyles = (): React.CSSProperties => {\n    const baseStyles: React.CSSProperties = {\n      ...style,\n      width: typeof width === 'number' ? `${width}px` : width,\n      height: typeof height === 'number' ? `${height}px` : height,\n      borderRadius: `${borderRadius}px`,\n      '--glass-frost': backgroundOpacity,\n      '--glass-saturation': saturation\n    } as React.CSSProperties;\n\n    const backdropFilterSupported = supportsBackdropFilter();\n\n    if (svgSupported) {\n      return {\n        ...baseStyles,\n        background: isDarkMode ? `hsl(0 0% 0% / ${backgroundOpacity})` : `hsl(0 0% 100% / ${backgroundOpacity})`,\n        backdropFilter: `url(#${filterId}) saturate(${saturation})`,\n        boxShadow: isDarkMode\n          ? `0 0 2px 1px color-mix(in oklch, white, transparent 65%) inset,\n             0 0 10px 4px color-mix(in oklch, white, transparent 85%) inset,\n             0px 4px 16px rgba(17, 17, 26, 0.05),\n             0px 8px 24px rgba(17, 17, 26, 0.05),\n             0px 16px 56px rgba(17, 17, 26, 0.05),\n             0px 4px 16px rgba(17, 17, 26, 0.05) inset,\n             0px 8px 24px rgba(17, 17, 26, 0.05) inset,\n             0px 16px 56px rgba(17, 17, 26, 0.05) inset`\n          : `0 0 2px 1px color-mix(in oklch, black, transparent 85%) inset,\n             0 0 10px 4px color-mix(in oklch, black, transparent 90%) inset,\n             0px 4px 16px rgba(17, 17, 26, 0.05),\n             0px 8px 24px rgba(17, 17, 26, 0.05),\n             0px 16px 56px rgba(17, 17, 26, 0.05),\n             0px 4px 16px rgba(17, 17, 26, 0.05) inset,\n             0px 8px 24px rgba(17, 17, 26, 0.05) inset,\n             0px 16px 56px rgba(17, 17, 26, 0.05) inset`\n      };\n    } else {\n      if (isDarkMode) {\n        if (!backdropFilterSupported) {\n          return {\n            ...baseStyles,\n            background: 'rgba(0, 0, 0, 0.4)',\n            border: '1px solid rgba(255, 255, 255, 0.2)',\n            boxShadow: `inset 0 1px 0 0 rgba(255, 255, 255, 0.2),\n                        inset 0 -1px 0 0 rgba(255, 255, 255, 0.1)`\n          };\n        } else {\n          return {\n            ...baseStyles,\n            background: 'rgba(255, 255, 255, 0.1)',\n            backdropFilter: 'blur(12px) saturate(1.8) brightness(1.2)',\n            WebkitBackdropFilter: 'blur(12px) saturate(1.8) brightness(1.2)',\n            border: '1px solid rgba(255, 255, 255, 0.2)',\n            boxShadow: `inset 0 1px 0 0 rgba(255, 255, 255, 0.2),\n                        inset 0 -1px 0 0 rgba(255, 255, 255, 0.1)`\n          };\n        }\n      } else {\n        if (!backdropFilterSupported) {\n          return {\n            ...baseStyles,\n            background: 'rgba(255, 255, 255, 0.4)',\n            border: '1px solid rgba(255, 255, 255, 0.3)',\n            boxShadow: `inset 0 1px 0 0 rgba(255, 255, 255, 0.5),\n                        inset 0 -1px 0 0 rgba(255, 255, 255, 0.3)`\n          };\n        } else {\n          return {\n            ...baseStyles,\n            background: 'rgba(255, 255, 255, 0.25)',\n            backdropFilter: 'blur(12px) saturate(1.8) brightness(1.1)',\n            WebkitBackdropFilter: 'blur(12px) saturate(1.8) brightness(1.1)',\n            border: '1px solid rgba(255, 255, 255, 0.3)',\n            boxShadow: `0 8px 32px 0 rgba(31, 38, 135, 0.2),\n                        0 2px 16px 0 rgba(31, 38, 135, 0.1),\n                        inset 0 1px 0 0 rgba(255, 255, 255, 0.4),\n                        inset 0 -1px 0 0 rgba(255, 255, 255, 0.2)`\n          };\n        }\n      }\n    }\n  };\n\n  const glassSurfaceClasses =\n    'relative flex items-center justify-center overflow-hidden transition-opacity duration-[260ms] ease-out';\n\n  const focusVisibleClasses = isDarkMode\n    ? 'focus-visible:outline-2 focus-visible:outline-[#0A84FF] focus-visible:outline-offset-2'\n    : 'focus-visible:outline-2 focus-visible:outline-[#007AFF] focus-visible:outline-offset-2';\n\n  return (\n    <div\n      ref={containerRef}\n      className={`${glassSurfaceClasses} ${focusVisibleClasses} ${className}`}\n      style={getContainerStyles()}\n    >\n      <svg\n        className=\"w-full h-full pointer-events-none absolute inset-0 opacity-0 -z-10\"\n        xmlns=\"http://www.w3.org/2000/svg\"\n      >\n        <defs>\n          <filter id={filterId} colorInterpolationFilters=\"sRGB\" x=\"0%\" y=\"0%\" width=\"100%\" height=\"100%\">\n            <feImage ref={feImageRef} x=\"0\" y=\"0\" width=\"100%\" height=\"100%\" preserveAspectRatio=\"none\" result=\"map\" />\n\n            <feDisplacementMap ref={redChannelRef} in=\"SourceGraphic\" in2=\"map\" id=\"redchannel\" result=\"dispRed\" />\n            <feColorMatrix\n              in=\"dispRed\"\n              type=\"matrix\"\n              values=\"1 0 0 0 0\n                      0 0 0 0 0\n                      0 0 0 0 0\n                      0 0 0 1 0\"\n              result=\"red\"\n            />\n\n            <feDisplacementMap\n              ref={greenChannelRef}\n              in=\"SourceGraphic\"\n              in2=\"map\"\n              id=\"greenchannel\"\n              result=\"dispGreen\"\n            />\n            <feColorMatrix\n              in=\"dispGreen\"\n              type=\"matrix\"\n              values=\"0 0 0 0 0\n                      0 1 0 0 0\n                      0 0 0 0 0\n                      0 0 0 1 0\"\n              result=\"green\"\n            />\n\n            <feDisplacementMap ref={blueChannelRef} in=\"SourceGraphic\" in2=\"map\" id=\"bluechannel\" result=\"dispBlue\" />\n            <feColorMatrix\n              in=\"dispBlue\"\n              type=\"matrix\"\n              values=\"0 0 0 0 0\n                      0 0 0 0 0\n                      0 0 1 0 0\n                      0 0 0 1 0\"\n              result=\"blue\"\n            />\n\n            <feBlend in=\"red\" in2=\"green\" mode=\"screen\" result=\"rg\" />\n            <feBlend in=\"rg\" in2=\"blue\" mode=\"screen\" result=\"output\" />\n            <feGaussianBlur ref={gaussianBlurRef} in=\"output\" stdDeviation=\"0.7\" />\n          </filter>\n        </defs>\n      </svg>\n\n      <div className=\"w-full h-full flex items-center justify-center p-2 rounded-[inherit] relative z-10\">\n        {children}\n      </div>\n    </div>\n  );\n};\n\nexport default GlassSurface;\n"
		}
	],
	"registryDependencies": [],
	"dependencies": []
}