{
	"$schema": "https://ui.shadcn.com/schema/registry-item.json",
	"name": "PixelTrail-TS-TW",
	"title": "PixelTrail",
	"description": "Pixelated cursor trail emitting fading squares with retro digital feel.",
	"type": "registry:component",
	"files": [
		{
			"type": "registry:component",
			"path": "PixelTrail/PixelTrail.tsx",
			"content": "/* eslint-disable react/no-unknown-property */\nimport React, { useMemo } from 'react';\nimport { Canvas, useThree, CanvasProps, ThreeEvent } from '@react-three/fiber';\nimport { shaderMaterial, useTrailTexture } from '@react-three/drei';\nimport * as THREE from 'three';\n\ninterface GooeyFilterProps {\n  id?: string;\n  strength?: number;\n}\n\ninterface DotMaterialUniforms {\n  resolution: THREE.Vector2;\n  mouseTrail: THREE.Texture | null;\n  gridSize: number;\n  pixelColor: THREE.Color;\n}\n\ninterface SceneProps {\n  gridSize: number;\n  trailSize: number;\n  maxAge: number;\n  interpolate: number;\n  easingFunction: (x: number) => number;\n  pixelColor: string;\n}\n\ninterface PixelTrailProps {\n  gridSize?: number;\n  trailSize?: number;\n  maxAge?: number;\n  interpolate?: number;\n  easingFunction?: (x: number) => number;\n  canvasProps?: Partial<CanvasProps>;\n  glProps?: WebGLContextAttributes & { powerPreference?: string };\n  gooeyFilter?: { id: string; strength: number };\n  color?: string;\n  className?: string;\n}\n\nconst GooeyFilter: React.FC<GooeyFilterProps> = ({ id = 'goo-filter', strength = 10 }) => {\n  return (\n    <svg className=\"absolute overflow-hidden z-1\">\n      <defs>\n        <filter id={id}>\n          <feGaussianBlur in=\"SourceGraphic\" stdDeviation={strength} result=\"blur\" />\n          <feColorMatrix in=\"blur\" type=\"matrix\" values=\"1 0 0 0 0  0 1 0 0 0  0 0 1 0 0  0 0 0 19 -9\" result=\"goo\" />\n          <feComposite in=\"SourceGraphic\" in2=\"goo\" operator=\"atop\" />\n        </filter>\n      </defs>\n    </svg>\n  );\n};\n\nconst DotMaterial = shaderMaterial(\n  {\n    resolution: new THREE.Vector2(),\n    mouseTrail: null,\n    gridSize: 100,\n    pixelColor: new THREE.Color('#ffffff')\n  },\n  /* glsl vertex shader */ `\n    varying vec2 vUv;\n    void main() {\n      gl_Position = vec4(position.xy, 0.0, 1.0);\n    }\n  `,\n  /* glsl fragment shader */ `\n    uniform vec2 resolution;\n    uniform sampler2D mouseTrail;\n    uniform float gridSize;\n    uniform vec3 pixelColor;\n\n    vec2 coverUv(vec2 uv) {\n      vec2 s = resolution.xy / max(resolution.x, resolution.y);\n      vec2 newUv = (uv - 0.5) * s + 0.5;\n      return clamp(newUv, 0.0, 1.0);\n    }\n\n    float sdfCircle(vec2 p, float r) {\n        return length(p - 0.5) - r;\n    }\n\n    void main() {\n      vec2 screenUv = gl_FragCoord.xy / resolution;\n      vec2 uv = coverUv(screenUv);\n\n      vec2 gridUv = fract(uv * gridSize);\n      vec2 gridUvCenter = (floor(uv * gridSize) + 0.5) / gridSize;\n\n      float trail = texture2D(mouseTrail, gridUvCenter).r;\n\n      gl_FragColor = vec4(pixelColor, trail);\n    }\n  `\n);\n\nfunction Scene({ gridSize, trailSize, maxAge, interpolate, easingFunction, pixelColor }: SceneProps) {\n  const size = useThree(s => s.size);\n  const viewport = useThree(s => s.viewport);\n\n  const dotMaterial = useMemo(() => new DotMaterial(), []);\n  dotMaterial.uniforms.pixelColor.value = new THREE.Color(pixelColor);\n\n  const [trail, onMove] = useTrailTexture({\n    size: 512,\n    radius: trailSize,\n    maxAge: maxAge,\n    interpolate: interpolate || 0.1,\n    ease: easingFunction || ((x: number) => x)\n  }) as [THREE.Texture | null, (e: ThreeEvent<PointerEvent>) => void];\n\n  if (trail) {\n    trail.minFilter = THREE.NearestFilter;\n    trail.magFilter = THREE.NearestFilter;\n    trail.wrapS = THREE.ClampToEdgeWrapping;\n    trail.wrapT = THREE.ClampToEdgeWrapping;\n  }\n\n  const scale = Math.max(viewport.width, viewport.height) / 2;\n\n  return (\n    <mesh scale={[scale, scale, 1]} onPointerMove={onMove}>\n      <planeGeometry args={[2, 2]} />\n      <primitive\n        object={dotMaterial}\n        gridSize={gridSize}\n        resolution={[size.width * viewport.dpr, size.height * viewport.dpr]}\n        mouseTrail={trail}\n      />\n    </mesh>\n  );\n}\n\nexport default function PixelTrail({\n  gridSize = 40,\n  trailSize = 0.1,\n  maxAge = 250,\n  interpolate = 5,\n  easingFunction = (x: number) => x,\n  canvasProps = {},\n  glProps = {\n    antialias: false,\n    powerPreference: 'high-performance',\n    alpha: true\n  },\n  gooeyFilter,\n  color = '#ffffff',\n  className = ''\n}: PixelTrailProps) {\n  return (\n    <>\n      {gooeyFilter && <GooeyFilter id={gooeyFilter.id} strength={gooeyFilter.strength} />}\n      <Canvas\n        {...canvasProps}\n        gl={glProps}\n        className={`absolute z-1 ${className}`}\n        style={gooeyFilter ? { filter: `url(#${gooeyFilter.id})` } : undefined}\n      >\n        <Scene\n          gridSize={gridSize}\n          trailSize={trailSize}\n          maxAge={maxAge}\n          interpolate={interpolate}\n          easingFunction={easingFunction}\n          pixelColor={color}\n        />\n      </Canvas>\n    </>\n  );\n}\n"
		}
	],
	"registryDependencies": [],
	"dependencies": [
		"@react-three/fiber@^9.3.0",
		"@react-three/drei@^10.7.4",
		"three@^0.167.1"
	]
}